Query,Assessment_url
Data analyst with Python and SQL,https://www.shl.com/products/product-catalog/view/sql-new/
Data analyst with Python and SQL,https://www.shl.com/products/product-catalog/view/sql-server-new/
Data analyst with Python and SQL,https://www.shl.com/products/product-catalog/view/microsoft-sql-server-2014-programming/
Senior Java developer building microservices,https://www.shl.com/products/product-catalog/view/core-java-advanced-level-new/
Senior Java developer building microservices,https://www.shl.com/products/product-catalog/view/core-java-entry-level-new/
Senior Java developer building microservices,https://www.shl.com/products/product-catalog/view/spring-new/
Customer service phone support role,https://www.shl.com/products/product-catalog/view/customer-service-phone-simulation/
Customer service phone support role,https://www.shl.com/products/product-catalog/view/customer-service-phone-solution/
Executive leadership judgment assessment,https://www.shl.com/products/product-catalog/view/executive-scenarios/
Executive leadership judgment assessment,https://www.shl.com/products/product-catalog/view/executive-scenarios-narrative-report/
Executive leadership judgment assessment,https://www.shl.com/products/product-catalog/view/executive-scenarios-profile-report/
Cybersecurity risk management analyst,https://www.shl.com/products/product-catalog/view/cyber-risk-new/
Cybersecurity risk management analyst,https://www.shl.com/products/product-catalog/view/hipaa-security/
Cloud engineer working on AWS and containers,https://www.shl.com/products/product-catalog/view/amazon-web-services-aws-development-new/
Cloud engineer working on AWS and containers,https://www.shl.com/products/product-catalog/view/docker-new/
Accounts payable and receivable specialist,https://www.shl.com/products/product-catalog/view/accounts-payable-new/
Accounts payable and receivable specialist,https://www.shl.com/products/product-catalog/view/accounts-receivable-new/
Accounts payable and receivable specialist,https://www.shl.com/products/product-catalog/view/accounts-payable-simulation-new/
Data entry speed and accuracy assessment,https://www.shl.com/products/product-catalog/view/data-entry-new/
Data entry speed and accuracy assessment,https://www.shl.com/products/product-catalog/view/data-entry-alphanumeric-split-screen-us/
Front-end developer using Angular,https://www.shl.com/products/product-catalog/view/angular-6-new/
Front-end developer using Angular,https://www.shl.com/products/product-catalog/view/angularjs-new/
Leadership and collaboration personality fit,https://www.shl.com/products/product-catalog/view/customer-service-phone-solution/
Leadership and collaboration personality fit,https://www.shl.com/products/product-catalog/view/executive-scenarios/
